{
    "Logistic Regression": {
        "accuracy": 0.8526315789473684,
        "precision": 0.7162162162162162,
        "recall": 0.8833333333333333,
        "f1_score": 0.7910447761194029,
        "roc_auc": 0.9326923076923077
    },
    "Naive Bias": {
        "accuracy": 0.8736842105263158,
        "precision": 0.8214285714285714,
        "recall": 0.7666666666666667,
        "f1_score": 0.7931034482758621,
        "roc_auc": 0.9455128205128205
    },
    "KNN": {
        "accuracy": 0.8105263157894737,
        "precision": 0.7068965517241379,
        "recall": 0.6833333333333333,
        "f1_score": 0.6949152542372882,
        "roc_auc": 0.849102564102564
    },
    "Random Forest": {
        "accuracy": 0.9421052631578948,
        "precision": 0.9152542372881356,
        "recall": 0.9,
        "f1_score": 0.907563025210084,
        "roc_auc": 0.981153846153846
    },
    "XGBoost": {
        "accuracy": 0.9578947368421052,
        "precision": 0.90625,
        "recall": 0.9666666666666667,
        "f1_score": 0.9354838709677419,
        "roc_auc": 0.9878205128205128
    }
}